<?xml version="1.0" encoding="UTF-8"?>
<!DOCTYPE suite SYSTEM "https://testng.org/testng-1.0.dtd">
<suite name="Suite" parallel="tests">

  <test thread-count="5" name="	ChromeTests">
  <parameter name="browser" value="chrome"/>
    <classes>
      <class name="testCases.TC_001_AccountRegistrationTest"/>
    </classes>
  </test> <!-- Test -->
  
  <test thread-count="5" name="EdgeTests">
  <parameter name="browser" value="edge"/>
    <classes>
      <class name="testCases.TC_001_AccountRegistrationTest"/>
    </classes>
  </test> <!-- Test -->
  
</suite> <!-- Suite -->
